latency_ms	cdf
0.596000	0.000333
0.619000	0.002333
0.624000	0.004333
0.631000	0.006333
0.632000	0.008333
0.636000	0.010333
0.637000	0.012333
0.639000	0.014333
0.641000	0.016333
0.646000	0.018333
0.649000	0.020333
0.651000	0.022333
0.653000	0.024333
0.654000	0.026333
0.656000	0.028333
0.658000	0.030333
0.659000	0.032333
0.661000	0.034333
0.663000	0.036333
0.664000	0.038333
0.664000	0.040333
0.665000	0.042333
0.667000	0.044333
0.667000	0.046333
0.669000	0.048333
0.669000	0.050333
0.670000	0.052333
0.670000	0.054333
0.671000	0.056333
0.672000	0.058333
0.673000	0.060333
0.674000	0.062333
0.675000	0.064333
0.675000	0.066333
0.677000	0.068333
0.678000	0.070333
0.679000	0.072333
0.680000	0.074333
0.681000	0.076333
0.682000	0.078333
0.683000	0.080333
0.683000	0.082333
0.684000	0.084333
0.685000	0.086333
0.685000	0.088333
0.686000	0.090333
0.687000	0.092333
0.688000	0.094333
0.689000	0.096333
0.689000	0.098333
0.690000	0.100333
0.691000	0.102333
0.691000	0.104333
0.692000	0.106333
0.692000	0.108333
0.693000	0.110333
0.693000	0.112333
0.694000	0.114333
0.695000	0.116333
0.695000	0.118333
0.696000	0.120333
0.697000	0.122333
0.697000	0.124333
0.698000	0.126333
0.699000	0.128333
0.700000	0.130333
0.700000	0.132333
0.700000	0.134333
0.701000	0.136333
0.702000	0.138333
0.703000	0.140333
0.703000	0.142333
0.704000	0.144333
0.704000	0.146333
0.705000	0.148333
0.705000	0.150333
0.706000	0.152333
0.706000	0.154333
0.707000	0.156333
0.708000	0.158333
0.708000	0.160333
0.709000	0.162333
0.709000	0.164333
0.710000	0.166333
0.710000	0.168333
0.711000	0.170333
0.711000	0.172333
0.711000	0.174333
0.712000	0.176333
0.712000	0.178333
0.713000	0.180333
0.713000	0.182333
0.713000	0.184333
0.714000	0.186333
0.714000	0.188333
0.715000	0.190333
0.716000	0.192333
0.716000	0.194333
0.717000	0.196333
0.717000	0.198333
0.717000	0.200667
0.718000	0.202667
0.718000	0.204667
0.718000	0.206667
0.719000	0.208667
0.719000	0.210667
0.720000	0.212667
0.720000	0.214667
0.721000	0.216667
0.722000	0.218667
0.722000	0.220667
0.723000	0.222667
0.723000	0.224667
0.724000	0.226667
0.724000	0.228667
0.724000	0.230667
0.725000	0.232667
0.725000	0.234667
0.726000	0.236667
0.726000	0.238667
0.726000	0.240667
0.727000	0.242667
0.727000	0.244667
0.727000	0.246667
0.728000	0.248667
0.728000	0.250667
0.729000	0.252667
0.729000	0.254667
0.729000	0.256667
0.730000	0.258667
0.730000	0.260667
0.730000	0.262667
0.731000	0.264667
0.731000	0.266667
0.732000	0.268667
0.733000	0.270667
0.733000	0.272667
0.733000	0.274667
0.734000	0.276667
0.734000	0.278667
0.735000	0.280667
0.735000	0.282667
0.735000	0.284667
0.736000	0.286667
0.736000	0.288667
0.736000	0.290667
0.737000	0.292667
0.737000	0.294667
0.738000	0.296667
0.738000	0.298667
0.738000	0.300667
0.739000	0.302667
0.739000	0.304667
0.740000	0.306667
0.740000	0.308667
0.741000	0.310667
0.741000	0.312667
0.741000	0.314667
0.742000	0.316667
0.742000	0.318667
0.743000	0.320667
0.743000	0.322667
0.744000	0.324667
0.744000	0.326667
0.744000	0.328667
0.744000	0.330667
0.745000	0.332667
0.745000	0.334667
0.746000	0.336667
0.746000	0.338667
0.746000	0.340667
0.747000	0.342667
0.747000	0.344667
0.748000	0.346667
0.748000	0.348667
0.749000	0.350667
0.749000	0.352667
0.750000	0.354667
0.750000	0.356667
0.750000	0.358667
0.751000	0.360667
0.751000	0.362667
0.751000	0.364667
0.752000	0.366667
0.752000	0.368667
0.753000	0.370667
0.753000	0.372667
0.753000	0.374667
0.754000	0.376667
0.754000	0.378667
0.755000	0.380667
0.755000	0.382667
0.755000	0.384667
0.756000	0.386667
0.757000	0.388667
0.757000	0.390667
0.758000	0.392667
0.758000	0.394667
0.759000	0.396667
0.759000	0.398667
0.759000	0.401000
0.760000	0.403000
0.760000	0.405000
0.761000	0.407000
0.761000	0.409000
0.761000	0.411000
0.762000	0.413000
0.762000	0.415000
0.763000	0.417000
0.763000	0.419000
0.763000	0.421000
0.763000	0.423000
0.764000	0.425000
0.764000	0.427000
0.765000	0.429000
0.766000	0.431000
0.766000	0.433000
0.767000	0.435000
0.767000	0.437000
0.767000	0.439000
0.768000	0.441000
0.768000	0.443000
0.768000	0.445000
0.769000	0.447000
0.769000	0.449000
0.770000	0.451000
0.770000	0.453000
0.771000	0.455000
0.771000	0.457000
0.772000	0.459000
0.772000	0.461000
0.773000	0.463000
0.773000	0.465000
0.773000	0.467000
0.773000	0.469000
0.774000	0.471000
0.774000	0.473000
0.775000	0.475000
0.775000	0.477000
0.776000	0.479000
0.777000	0.481000
0.777000	0.483000
0.777000	0.485000
0.777000	0.487000
0.778000	0.489000
0.778000	0.491000
0.778000	0.493000
0.779000	0.495000
0.780000	0.497000
0.781000	0.499000
0.781000	0.501000
0.781000	0.503000
0.782000	0.505000
0.782000	0.507000
0.783000	0.509000
0.783000	0.511000
0.784000	0.513000
0.784000	0.515000
0.785000	0.517000
0.785000	0.519000
0.786000	0.521000
0.786000	0.523000
0.787000	0.525000
0.787000	0.527000
0.788000	0.529000
0.788000	0.531000
0.788000	0.533000
0.789000	0.535000
0.789000	0.537000
0.789000	0.539000
0.790000	0.541000
0.790000	0.543000
0.790000	0.545000
0.790000	0.547000
0.791000	0.549000
0.791000	0.551000
0.792000	0.553000
0.792000	0.555000
0.793000	0.557000
0.793000	0.559000
0.794000	0.561000
0.794000	0.563000
0.795000	0.565000
0.795000	0.567000
0.796000	0.569000
0.796000	0.571000
0.796000	0.573000
0.797000	0.575000
0.797000	0.577000
0.798000	0.579000
0.798000	0.581000
0.798000	0.583000
0.798000	0.585000
0.799000	0.587000
0.799000	0.589000
0.799000	0.591000
0.800000	0.593000
0.800000	0.595000
0.801000	0.597000
0.801000	0.599000
0.802000	0.601333
0.803000	0.603333
0.803000	0.605333
0.804000	0.607333
0.804000	0.609333
0.805000	0.611333
0.805000	0.613333
0.806000	0.615333
0.806000	0.617333
0.807000	0.619333
0.807000	0.621333
0.807000	0.623333
0.808000	0.625333
0.808000	0.627333
0.809000	0.629333
0.809000	0.631333
0.810000	0.633333
0.810000	0.635333
0.811000	0.637333
0.812000	0.639333
0.812000	0.641333
0.812000	0.643333
0.813000	0.645333
0.813000	0.647333
0.814000	0.649333
0.814000	0.651333
0.815000	0.653333
0.815000	0.655333
0.815000	0.657333
0.816000	0.659333
0.816000	0.661333
0.817000	0.663333
0.817000	0.665333
0.818000	0.667333
0.818000	0.669333
0.819000	0.671333
0.820000	0.673333
0.820000	0.675333
0.820000	0.677333
0.821000	0.679333
0.822000	0.681333
0.823000	0.683333
0.823000	0.685333
0.824000	0.687333
0.824000	0.689333
0.825000	0.691333
0.825000	0.693333
0.826000	0.695333
0.826000	0.697333
0.827000	0.699333
0.827000	0.701333
0.828000	0.703333
0.828000	0.705333
0.829000	0.707333
0.829000	0.709333
0.830000	0.711333
0.831000	0.713333
0.832000	0.715333
0.832000	0.717333
0.833000	0.719333
0.833000	0.721333
0.834000	0.723333
0.834000	0.725333
0.835000	0.727333
0.836000	0.729333
0.837000	0.731333
0.837000	0.733333
0.837000	0.735333
0.838000	0.737333
0.838000	0.739333
0.839000	0.741333
0.839000	0.743333
0.840000	0.745333
0.841000	0.747333
0.841000	0.749333
0.842000	0.751333
0.842000	0.753333
0.843000	0.755333
0.843000	0.757333
0.844000	0.759333
0.844000	0.761333
0.845000	0.763333
0.846000	0.765333
0.846000	0.767333
0.847000	0.769333
0.847000	0.771333
0.849000	0.773333
0.849000	0.775333
0.850000	0.777333
0.851000	0.779333
0.851000	0.781333
0.851000	0.783333
0.852000	0.785333
0.852000	0.787333
0.853000	0.789333
0.853000	0.791333
0.854000	0.793333
0.854000	0.795333
0.855000	0.797333
0.857000	0.799333
0.857000	0.801667
0.858000	0.803667
0.859000	0.805667
0.859000	0.807667
0.860000	0.809667
0.861000	0.811667
0.862000	0.813667
0.862000	0.815667
0.863000	0.817667
0.863000	0.819667
0.864000	0.821667
0.865000	0.823667
0.866000	0.825667
0.867000	0.827667
0.867000	0.829667
0.868000	0.831667
0.868000	0.833667
0.869000	0.835667
0.870000	0.837667
0.870000	0.839667
0.870000	0.841667
0.871000	0.843667
0.872000	0.845667
0.873000	0.847667
0.874000	0.849667
0.874000	0.851667
0.875000	0.853667
0.876000	0.855667
0.877000	0.857667
0.878000	0.859667
0.878000	0.861667
0.880000	0.863667
0.881000	0.865667
0.882000	0.867667
0.883000	0.869667
0.883000	0.871667
0.884000	0.873667
0.885000	0.875667
0.885000	0.877667
0.887000	0.879667
0.888000	0.881667
0.889000	0.883667
0.890000	0.885667
0.891000	0.887667
0.893000	0.889667
0.893000	0.891667
0.893000	0.893667
0.894000	0.895667
0.895000	0.897667
0.896000	0.899667
0.897000	0.901667
0.898000	0.903667
0.899000	0.905667
0.901000	0.907667
0.903000	0.909667
0.904000	0.911667
0.906000	0.913667
0.908000	0.915667
0.909000	0.917667
0.911000	0.919667
0.912000	0.921667
0.914000	0.923667
0.914000	0.925667
0.916000	0.927667
0.917000	0.929667
0.919000	0.931667
0.919000	0.933667
0.921000	0.935667
0.923000	0.937667
0.925000	0.939667
0.927000	0.941667
0.929000	0.943667
0.931000	0.945667
0.935000	0.947667
0.936000	0.949667
0.938000	0.951667
0.939000	0.953667
0.942000	0.955667
0.948000	0.957667
0.951000	0.959667
0.954000	0.961667
0.956000	0.963667
0.963000	0.965667
0.965000	0.967667
0.974000	0.969667
0.978000	0.971667
0.983000	0.973667
0.986000	0.975667
0.993000	0.977667
1.005000	0.979667
1.015000	0.981667
1.025000	0.983667
1.038000	0.985667
1.051000	0.987667
1.068000	0.989667
1.094000	0.991667
1.109000	0.993667
1.132000	0.995667
1.149000	0.997667
1.379000	1.000000
